{"anom_min": -0.1355044228243042, "anom_max": 0.12669691586692222}